Metric,Score
Pipeline success rate,0.9829059829059829
Constraint compliance,0.8461538461538461
Policy adherence,0.9529914529914529
Error propagation,0.017094017094017096
